kaynak_turu,rapor_adi,dosya_adi,hedef_kolon,belirsiz_kolon,kullanim_tipi,aday_tablolar,sql_onizleme
RAPOR,BUTCE-OFSA_SB001_Subeler_Detayli_Kar_Listesi,BUTCE-OFSA_SB001_Subeler_Detayli_Kar_Listesi.sql,TARIH,TARIH,LINEAGE,OFSA_SB.PROD_ORG_PROFIT; OLAP.DM_ORGANIZATION,"SELECT SUBE_KARLILIK_SIRALI.TARIH,
           SUBE_KARLILIK_SIRALI.BOLGE_ADI,
           SUBE_KARLILIK_SIRALI.CREATE_DATE,
           SUBE_KARLILIK_SIRALI.SUBE_KODU,
           SUBE_KARLILIK_SIRALI.SUBE_ADI,
           SUBE_KARLILIK_SIRALI.ISKOLU,
           SUBE_KARLILIK_SIRALI.FAIZ_GEL_LNR_KREDI,
           SUBE_KARLILIK_SIRALI.FAIZ_GEL_LNR_KK,
           SUBE_KARLILIK_SIRALI.TOP_FAIZ_GEL_LNR,
           SUBE_KARLILIK_SIRALI.FAIZ_GID_LNR_MEVD,
           SUBE_KARLILIK_SIRALI.FAIZ_GID_GM_BILANC"
RAPOR,BUTCE-OFSA_SB001_Subeler_Detayli_Kar_Listesi,BUTCE-OFSA_SB001_Subeler_Detayli_Kar_Listesi.sql,ISKOLU,ISKOLU,LINEAGE,OFSA_SB.PROD_ORG_PROFIT; OLAP.DM_ORGANIZATION,"SELECT SUBE_KARLILIK_SIRALI.TARIH,
           SUBE_KARLILIK_SIRALI.BOLGE_ADI,
           SUBE_KARLILIK_SIRALI.CREATE_DATE,
           SUBE_KARLILIK_SIRALI.SUBE_KODU,
           SUBE_KARLILIK_SIRALI.SUBE_ADI,
           SUBE_KARLILIK_SIRALI.ISKOLU,
           SUBE_KARLILIK_SIRALI.FAIZ_GEL_LNR_KREDI,
           SUBE_KARLILIK_SIRALI.FAIZ_GEL_LNR_KK,
           SUBE_KARLILIK_SIRALI.TOP_FAIZ_GEL_LNR,
           SUBE_KARLILIK_SIRALI.FAIZ_GID_LNR_MEVD,
           SUBE_KARLILIK_SIRALI.FAIZ_GID_GM_BILANC"
RAPOR,BUTCE-OFSA_SB001_Subeler_Detayli_Kar_Listesi,BUTCE-OFSA_SB001_Subeler_Detayli_Kar_Listesi.sql,FAIZ_GEL_LNR_KREDI,FAIZ_GEL_LNR_KREDI,LINEAGE,OFSA_SB.PROD_ORG_PROFIT; OLAP.DM_ORGANIZATION,"SELECT SUBE_KARLILIK_SIRALI.TARIH,
           SUBE_KARLILIK_SIRALI.BOLGE_ADI,
           SUBE_KARLILIK_SIRALI.CREATE_DATE,
           SUBE_KARLILIK_SIRALI.SUBE_KODU,
           SUBE_KARLILIK_SIRALI.SUBE_ADI,
           SUBE_KARLILIK_SIRALI.ISKOLU,
           SUBE_KARLILIK_SIRALI.FAIZ_GEL_LNR_KREDI,
           SUBE_KARLILIK_SIRALI.FAIZ_GEL_LNR_KK,
           SUBE_KARLILIK_SIRALI.TOP_FAIZ_GEL_LNR,
           SUBE_KARLILIK_SIRALI.FAIZ_GID_LNR_MEVD,
           SUBE_KARLILIK_SIRALI.FAIZ_GID_GM_BILANC"
RAPOR,BUTCE-OFSA_SB001_Subeler_Detayli_Kar_Listesi,BUTCE-OFSA_SB001_Subeler_Detayli_Kar_Listesi.sql,FAIZ_GEL_LNR_KK,FAIZ_GEL_LNR_KK,LINEAGE,OFSA_SB.PROD_ORG_PROFIT; OLAP.DM_ORGANIZATION,"SELECT SUBE_KARLILIK_SIRALI.TARIH,
           SUBE_KARLILIK_SIRALI.BOLGE_ADI,
           SUBE_KARLILIK_SIRALI.CREATE_DATE,
           SUBE_KARLILIK_SIRALI.SUBE_KODU,
           SUBE_KARLILIK_SIRALI.SUBE_ADI,
           SUBE_KARLILIK_SIRALI.ISKOLU,
           SUBE_KARLILIK_SIRALI.FAIZ_GEL_LNR_KREDI,
           SUBE_KARLILIK_SIRALI.FAIZ_GEL_LNR_KK,
           SUBE_KARLILIK_SIRALI.TOP_FAIZ_GEL_LNR,
           SUBE_KARLILIK_SIRALI.FAIZ_GID_LNR_MEVD,
           SUBE_KARLILIK_SIRALI.FAIZ_GID_GM_BILANC"
RAPOR,BUTCE-OFSA_SB001_Subeler_Detayli_Kar_Listesi,BUTCE-OFSA_SB001_Subeler_Detayli_Kar_Listesi.sql,TOP_FAIZ_GEL_LNR,TOP_FAIZ_GEL_LNR,LINEAGE,OFSA_SB.PROD_ORG_PROFIT; OLAP.DM_ORGANIZATION,"SELECT SUBE_KARLILIK_SIRALI.TARIH,
           SUBE_KARLILIK_SIRALI.BOLGE_ADI,
           SUBE_KARLILIK_SIRALI.CREATE_DATE,
           SUBE_KARLILIK_SIRALI.SUBE_KODU,
           SUBE_KARLILIK_SIRALI.SUBE_ADI,
           SUBE_KARLILIK_SIRALI.ISKOLU,
           SUBE_KARLILIK_SIRALI.FAIZ_GEL_LNR_KREDI,
           SUBE_KARLILIK_SIRALI.FAIZ_GEL_LNR_KK,
           SUBE_KARLILIK_SIRALI.TOP_FAIZ_GEL_LNR,
           SUBE_KARLILIK_SIRALI.FAIZ_GID_LNR_MEVD,
           SUBE_KARLILIK_SIRALI.FAIZ_GID_GM_BILANC"
RAPOR,BUTCE-OFSA_SB001_Subeler_Detayli_Kar_Listesi,BUTCE-OFSA_SB001_Subeler_Detayli_Kar_Listesi.sql,FAIZ_GID_LNR_MEVD,FAIZ_GID_LNR_MEVD,LINEAGE,OFSA_SB.PROD_ORG_PROFIT; OLAP.DM_ORGANIZATION,"SELECT SUBE_KARLILIK_SIRALI.TARIH,
           SUBE_KARLILIK_SIRALI.BOLGE_ADI,
           SUBE_KARLILIK_SIRALI.CREATE_DATE,
           SUBE_KARLILIK_SIRALI.SUBE_KODU,
           SUBE_KARLILIK_SIRALI.SUBE_ADI,
           SUBE_KARLILIK_SIRALI.ISKOLU,
           SUBE_KARLILIK_SIRALI.FAIZ_GEL_LNR_KREDI,
           SUBE_KARLILIK_SIRALI.FAIZ_GEL_LNR_KK,
           SUBE_KARLILIK_SIRALI.TOP_FAIZ_GEL_LNR,
           SUBE_KARLILIK_SIRALI.FAIZ_GID_LNR_MEVD,
           SUBE_KARLILIK_SIRALI.FAIZ_GID_GM_BILANC"
RAPOR,BUTCE-OFSA_SB001_Subeler_Detayli_Kar_Listesi,BUTCE-OFSA_SB001_Subeler_Detayli_Kar_Listesi.sql,FAIZ_GID_GM_BILANCO,FAIZ_GID_GM_BILANCO,LINEAGE,OFSA_SB.PROD_ORG_PROFIT; OLAP.DM_ORGANIZATION,"SELECT SUBE_KARLILIK_SIRALI.TARIH,
           SUBE_KARLILIK_SIRALI.BOLGE_ADI,
           SUBE_KARLILIK_SIRALI.CREATE_DATE,
           SUBE_KARLILIK_SIRALI.SUBE_KODU,
           SUBE_KARLILIK_SIRALI.SUBE_ADI,
           SUBE_KARLILIK_SIRALI.ISKOLU,
           SUBE_KARLILIK_SIRALI.FAIZ_GEL_LNR_KREDI,
           SUBE_KARLILIK_SIRALI.FAIZ_GEL_LNR_KK,
           SUBE_KARLILIK_SIRALI.TOP_FAIZ_GEL_LNR,
           SUBE_KARLILIK_SIRALI.FAIZ_GID_LNR_MEVD,
           SUBE_KARLILIK_SIRALI.FAIZ_GID_GM_BILANC"
RAPOR,BUTCE-OFSA_SB001_Subeler_Detayli_Kar_Listesi,BUTCE-OFSA_SB001_Subeler_Detayli_Kar_Listesi.sql,FAIZ_GID_DIGER,FAIZ_GID_DIGER,LINEAGE,OFSA_SB.PROD_ORG_PROFIT; OLAP.DM_ORGANIZATION,"SELECT SUBE_KARLILIK_SIRALI.TARIH,
           SUBE_KARLILIK_SIRALI.BOLGE_ADI,
           SUBE_KARLILIK_SIRALI.CREATE_DATE,
           SUBE_KARLILIK_SIRALI.SUBE_KODU,
           SUBE_KARLILIK_SIRALI.SUBE_ADI,
           SUBE_KARLILIK_SIRALI.ISKOLU,
           SUBE_KARLILIK_SIRALI.FAIZ_GEL_LNR_KREDI,
           SUBE_KARLILIK_SIRALI.FAIZ_GEL_LNR_KK,
           SUBE_KARLILIK_SIRALI.TOP_FAIZ_GEL_LNR,
           SUBE_KARLILIK_SIRALI.FAIZ_GID_LNR_MEVD,
           SUBE_KARLILIK_SIRALI.FAIZ_GID_GM_BILANC"
RAPOR,BUTCE-OFSA_SB001_Subeler_Detayli_Kar_Listesi,BUTCE-OFSA_SB001_Subeler_Detayli_Kar_Listesi.sql,FONLM_MLYT_KREDI,FONLM_MLYT_KREDI,LINEAGE,OFSA_SB.PROD_ORG_PROFIT; OLAP.DM_ORGANIZATION,"SELECT SUBE_KARLILIK_SIRALI.TARIH,
           SUBE_KARLILIK_SIRALI.BOLGE_ADI,
           SUBE_KARLILIK_SIRALI.CREATE_DATE,
           SUBE_KARLILIK_SIRALI.SUBE_KODU,
           SUBE_KARLILIK_SIRALI.SUBE_ADI,
           SUBE_KARLILIK_SIRALI.ISKOLU,
           SUBE_KARLILIK_SIRALI.FAIZ_GEL_LNR_KREDI,
           SUBE_KARLILIK_SIRALI.FAIZ_GEL_LNR_KK,
           SUBE_KARLILIK_SIRALI.TOP_FAIZ_GEL_LNR,
           SUBE_KARLILIK_SIRALI.FAIZ_GID_LNR_MEVD,
           SUBE_KARLILIK_SIRALI.FAIZ_GID_GM_BILANC"
RAPOR,BUTCE-OFSA_SB001_Subeler_Detayli_Kar_Listesi,BUTCE-OFSA_SB001_Subeler_Detayli_Kar_Listesi.sql,FONLM_MLYT_KK,FONLM_MLYT_KK,LINEAGE,OFSA_SB.PROD_ORG_PROFIT; OLAP.DM_ORGANIZATION,"SELECT SUBE_KARLILIK_SIRALI.TARIH,
           SUBE_KARLILIK_SIRALI.BOLGE_ADI,
           SUBE_KARLILIK_SIRALI.CREATE_DATE,
           SUBE_KARLILIK_SIRALI.SUBE_KODU,
           SUBE_KARLILIK_SIRALI.SUBE_ADI,
           SUBE_KARLILIK_SIRALI.ISKOLU,
           SUBE_KARLILIK_SIRALI.FAIZ_GEL_LNR_KREDI,
           SUBE_KARLILIK_SIRALI.FAIZ_GEL_LNR_KK,
           SUBE_KARLILIK_SIRALI.TOP_FAIZ_GEL_LNR,
           SUBE_KARLILIK_SIRALI.FAIZ_GID_LNR_MEVD,
           SUBE_KARLILIK_SIRALI.FAIZ_GID_GM_BILANC"
RAPOR,BUTCE-OFSA_SB001_Subeler_Detayli_Kar_Listesi,BUTCE-OFSA_SB001_Subeler_Detayli_Kar_Listesi.sql,VADE_BZM_KAR_ZRR,VADE_BZM_KAR_ZRR,LINEAGE,OFSA_SB.PROD_ORG_PROFIT; OLAP.DM_ORGANIZATION,"SELECT SUBE_KARLILIK_SIRALI.TARIH,
           SUBE_KARLILIK_SIRALI.BOLGE_ADI,
           SUBE_KARLILIK_SIRALI.CREATE_DATE,
           SUBE_KARLILIK_SIRALI.SUBE_KODU,
           SUBE_KARLILIK_SIRALI.SUBE_ADI,
           SUBE_KARLILIK_SIRALI.ISKOLU,
           SUBE_KARLILIK_SIRALI.FAIZ_GEL_LNR_KREDI,
           SUBE_KARLILIK_SIRALI.FAIZ_GEL_LNR_KK,
           SUBE_KARLILIK_SIRALI.TOP_FAIZ_GEL_LNR,
           SUBE_KARLILIK_SIRALI.FAIZ_GID_LNR_MEVD,
           SUBE_KARLILIK_SIRALI.FAIZ_GID_GM_BILANC"
RAPOR,BUTCE-OFSA_SB001_Subeler_Detayli_Kar_Listesi,BUTCE-OFSA_SB001_Subeler_Detayli_Kar_Listesi.sql,KASA_FONLM_TL,KASA_FONLM_TL,LINEAGE,OFSA_SB.PROD_ORG_PROFIT; OLAP.DM_ORGANIZATION,"SELECT SUBE_KARLILIK_SIRALI.TARIH,
           SUBE_KARLILIK_SIRALI.BOLGE_ADI,
           SUBE_KARLILIK_SIRALI.CREATE_DATE,
           SUBE_KARLILIK_SIRALI.SUBE_KODU,
           SUBE_KARLILIK_SIRALI.SUBE_ADI,
           SUBE_KARLILIK_SIRALI.ISKOLU,
           SUBE_KARLILIK_SIRALI.FAIZ_GEL_LNR_KREDI,
           SUBE_KARLILIK_SIRALI.FAIZ_GEL_LNR_KK,
           SUBE_KARLILIK_SIRALI.TOP_FAIZ_GEL_LNR,
           SUBE_KARLILIK_SIRALI.FAIZ_GID_LNR_MEVD,
           SUBE_KARLILIK_SIRALI.FAIZ_GID_GM_BILANC"
RAPOR,BUTCE-OFSA_SB001_Subeler_Detayli_Kar_Listesi,BUTCE-OFSA_SB001_Subeler_Detayli_Kar_Listesi.sql,KASA_FONLM_YP,KASA_FONLM_YP,LINEAGE,OFSA_SB.PROD_ORG_PROFIT; OLAP.DM_ORGANIZATION,"SELECT SUBE_KARLILIK_SIRALI.TARIH,
           SUBE_KARLILIK_SIRALI.BOLGE_ADI,
           SUBE_KARLILIK_SIRALI.CREATE_DATE,
           SUBE_KARLILIK_SIRALI.SUBE_KODU,
           SUBE_KARLILIK_SIRALI.SUBE_ADI,
           SUBE_KARLILIK_SIRALI.ISKOLU,
           SUBE_KARLILIK_SIRALI.FAIZ_GEL_LNR_KREDI,
           SUBE_KARLILIK_SIRALI.FAIZ_GEL_LNR_KK,
           SUBE_KARLILIK_SIRALI.TOP_FAIZ_GEL_LNR,
           SUBE_KARLILIK_SIRALI.FAIZ_GID_LNR_MEVD,
           SUBE_KARLILIK_SIRALI.FAIZ_GID_GM_BILANC"
RAPOR,BUTCE-OFSA_SB001_Subeler_Detayli_Kar_Listesi,BUTCE-OFSA_SB001_Subeler_Detayli_Kar_Listesi.sql,TOP_FNLM_MLYT,TOP_FNLM_MLYT,LINEAGE,OFSA_SB.PROD_ORG_PROFIT; OLAP.DM_ORGANIZATION,"SELECT SUBE_KARLILIK_SIRALI.TARIH,
           SUBE_KARLILIK_SIRALI.BOLGE_ADI,
           SUBE_KARLILIK_SIRALI.CREATE_DATE,
           SUBE_KARLILIK_SIRALI.SUBE_KODU,
           SUBE_KARLILIK_SIRALI.SUBE_ADI,
           SUBE_KARLILIK_SIRALI.ISKOLU,
           SUBE_KARLILIK_SIRALI.FAIZ_GEL_LNR_KREDI,
           SUBE_KARLILIK_SIRALI.FAIZ_GEL_LNR_KK,
           SUBE_KARLILIK_SIRALI.TOP_FAIZ_GEL_LNR,
           SUBE_KARLILIK_SIRALI.FAIZ_GID_LNR_MEVD,
           SUBE_KARLILIK_SIRALI.FAIZ_GID_GM_BILANC"
RAPOR,BUTCE-OFSA_SB001_Subeler_Detayli_Kar_Listesi,BUTCE-OFSA_SB001_Subeler_Detayli_Kar_Listesi.sql,FON_GETR_MEVD_BLK,FON_GETR_MEVD_BLK,LINEAGE,OFSA_SB.PROD_ORG_PROFIT; OLAP.DM_ORGANIZATION,"SELECT SUBE_KARLILIK_SIRALI.TARIH,
           SUBE_KARLILIK_SIRALI.BOLGE_ADI,
           SUBE_KARLILIK_SIRALI.CREATE_DATE,
           SUBE_KARLILIK_SIRALI.SUBE_KODU,
           SUBE_KARLILIK_SIRALI.SUBE_ADI,
           SUBE_KARLILIK_SIRALI.ISKOLU,
           SUBE_KARLILIK_SIRALI.FAIZ_GEL_LNR_KREDI,
           SUBE_KARLILIK_SIRALI.FAIZ_GEL_LNR_KK,
           SUBE_KARLILIK_SIRALI.TOP_FAIZ_GEL_LNR,
           SUBE_KARLILIK_SIRALI.FAIZ_GID_LNR_MEVD,
           SUBE_KARLILIK_SIRALI.FAIZ_GID_GM_BILANC"
RAPOR,BUTCE-OFSA_SB001_Subeler_Detayli_Kar_Listesi,BUTCE-OFSA_SB001_Subeler_Detayli_Kar_Listesi.sql,FON_GETR_GM_BLNC,FON_GETR_GM_BLNC,LINEAGE,OFSA_SB.PROD_ORG_PROFIT; OLAP.DM_ORGANIZATION,"SELECT SUBE_KARLILIK_SIRALI.TARIH,
           SUBE_KARLILIK_SIRALI.BOLGE_ADI,
           SUBE_KARLILIK_SIRALI.CREATE_DATE,
           SUBE_KARLILIK_SIRALI.SUBE_KODU,
           SUBE_KARLILIK_SIRALI.SUBE_ADI,
           SUBE_KARLILIK_SIRALI.ISKOLU,
           SUBE_KARLILIK_SIRALI.FAIZ_GEL_LNR_KREDI,
           SUBE_KARLILIK_SIRALI.FAIZ_GEL_LNR_KK,
           SUBE_KARLILIK_SIRALI.TOP_FAIZ_GEL_LNR,
           SUBE_KARLILIK_SIRALI.FAIZ_GID_LNR_MEVD,
           SUBE_KARLILIK_SIRALI.FAIZ_GID_GM_BILANC"
RAPOR,BUTCE-OFSA_SB001_Subeler_Detayli_Kar_Listesi,BUTCE-OFSA_SB001_Subeler_Detayli_Kar_Listesi.sql,POS_BLOKE_GLR,POS_BLOKE_GLR,LINEAGE,OFSA_SB.PROD_ORG_PROFIT; OLAP.DM_ORGANIZATION,"SELECT SUBE_KARLILIK_SIRALI.TARIH,
           SUBE_KARLILIK_SIRALI.BOLGE_ADI,
           SUBE_KARLILIK_SIRALI.CREATE_DATE,
           SUBE_KARLILIK_SIRALI.SUBE_KODU,
           SUBE_KARLILIK_SIRALI.SUBE_ADI,
           SUBE_KARLILIK_SIRALI.ISKOLU,
           SUBE_KARLILIK_SIRALI.FAIZ_GEL_LNR_KREDI,
           SUBE_KARLILIK_SIRALI.FAIZ_GEL_LNR_KK,
           SUBE_KARLILIK_SIRALI.TOP_FAIZ_GEL_LNR,
           SUBE_KARLILIK_SIRALI.FAIZ_GID_LNR_MEVD,
           SUBE_KARLILIK_SIRALI.FAIZ_GID_GM_BILANC"
RAPOR,BUTCE-OFSA_SB001_Subeler_Detayli_Kar_Listesi,BUTCE-OFSA_SB001_Subeler_Detayli_Kar_Listesi.sql,TOP_FONLM_GTRI,TOP_FONLM_GTRI,LINEAGE,OFSA_SB.PROD_ORG_PROFIT; OLAP.DM_ORGANIZATION,"SELECT SUBE_KARLILIK_SIRALI.TARIH,
           SUBE_KARLILIK_SIRALI.BOLGE_ADI,
           SUBE_KARLILIK_SIRALI.CREATE_DATE,
           SUBE_KARLILIK_SIRALI.SUBE_KODU,
           SUBE_KARLILIK_SIRALI.SUBE_ADI,
           SUBE_KARLILIK_SIRALI.ISKOLU,
           SUBE_KARLILIK_SIRALI.FAIZ_GEL_LNR_KREDI,
           SUBE_KARLILIK_SIRALI.FAIZ_GEL_LNR_KK,
           SUBE_KARLILIK_SIRALI.TOP_FAIZ_GEL_LNR,
           SUBE_KARLILIK_SIRALI.FAIZ_GID_LNR_MEVD,
           SUBE_KARLILIK_SIRALI.FAIZ_GID_GM_BILANC"
RAPOR,BUTCE-OFSA_SB001_Subeler_Detayli_Kar_Listesi,BUTCE-OFSA_SB001_Subeler_Detayli_Kar_Listesi.sql,AYLK_KRSLK_ONC_N_KAR_LNR,AYLK_KRSLK_ONC_N_KAR_LNR,LINEAGE,OFSA_SB.PROD_ORG_PROFIT; OLAP.DM_ORGANIZATION,"SELECT SUBE_KARLILIK_SIRALI.TARIH,
           SUBE_KARLILIK_SIRALI.BOLGE_ADI,
           SUBE_KARLILIK_SIRALI.CREATE_DATE,
           SUBE_KARLILIK_SIRALI.SUBE_KODU,
           SUBE_KARLILIK_SIRALI.SUBE_ADI,
           SUBE_KARLILIK_SIRALI.ISKOLU,
           SUBE_KARLILIK_SIRALI.FAIZ_GEL_LNR_KREDI,
           SUBE_KARLILIK_SIRALI.FAIZ_GEL_LNR_KK,
           SUBE_KARLILIK_SIRALI.TOP_FAIZ_GEL_LNR,
           SUBE_KARLILIK_SIRALI.FAIZ_GID_LNR_MEVD,
           SUBE_KARLILIK_SIRALI.FAIZ_GID_GM_BILANC"
RAPOR,BUTCE-OFSA_SB001_Subeler_Detayli_Kar_Listesi,BUTCE-OFSA_SB001_Subeler_Detayli_Kar_Listesi.sql,KRSLK_ONCESI_N_KAR_LNR,KRSLK_ONCESI_N_KAR_LNR,LINEAGE,OFSA_SB.PROD_ORG_PROFIT; OLAP.DM_ORGANIZATION,"SELECT SUBE_KARLILIK_SIRALI.TARIH,
           SUBE_KARLILIK_SIRALI.BOLGE_ADI,
           SUBE_KARLILIK_SIRALI.CREATE_DATE,
           SUBE_KARLILIK_SIRALI.SUBE_KODU,
           SUBE_KARLILIK_SIRALI.SUBE_ADI,
           SUBE_KARLILIK_SIRALI.ISKOLU,
           SUBE_KARLILIK_SIRALI.FAIZ_GEL_LNR_KREDI,
           SUBE_KARLILIK_SIRALI.FAIZ_GEL_LNR_KK,
           SUBE_KARLILIK_SIRALI.TOP_FAIZ_GEL_LNR,
           SUBE_KARLILIK_SIRALI.FAIZ_GID_LNR_MEVD,
           SUBE_KARLILIK_SIRALI.FAIZ_GID_GM_BILANC"
RAPOR,BUTCE-OFSA_SB001_Subeler_Detayli_Kar_Listesi,BUTCE-OFSA_SB001_Subeler_Detayli_Kar_Listesi.sql,NET_FAIZ_GLR_LNR,NET_FAIZ_GLR_LNR,LINEAGE,OFSA_SB.PROD_ORG_PROFIT; OLAP.DM_ORGANIZATION,"SELECT SUBE_KARLILIK_SIRALI.TARIH,
           SUBE_KARLILIK_SIRALI.BOLGE_ADI,
           SUBE_KARLILIK_SIRALI.CREATE_DATE,
           SUBE_KARLILIK_SIRALI.SUBE_KODU,
           SUBE_KARLILIK_SIRALI.SUBE_ADI,
           SUBE_KARLILIK_SIRALI.ISKOLU,
           SUBE_KARLILIK_SIRALI.FAIZ_GEL_LNR_KREDI,
           SUBE_KARLILIK_SIRALI.FAIZ_GEL_LNR_KK,
           SUBE_KARLILIK_SIRALI.TOP_FAIZ_GEL_LNR,
           SUBE_KARLILIK_SIRALI.FAIZ_GID_LNR_MEVD,
           SUBE_KARLILIK_SIRALI.FAIZ_GID_GM_BILANC"
RAPOR,BUTCE-OFSA_SB001_Subeler_Detayli_Kar_Listesi,BUTCE-OFSA_SB001_Subeler_Detayli_Kar_Listesi.sql,AYLK_FLYT_KARI_LNR,AYLK_FLYT_KARI_LNR,LINEAGE,OFSA_SB.PROD_ORG_PROFIT; OLAP.DM_ORGANIZATION,"SELECT SUBE_KARLILIK_SIRALI.TARIH,
           SUBE_KARLILIK_SIRALI.BOLGE_ADI,
           SUBE_KARLILIK_SIRALI.CREATE_DATE,
           SUBE_KARLILIK_SIRALI.SUBE_KODU,
           SUBE_KARLILIK_SIRALI.SUBE_ADI,
           SUBE_KARLILIK_SIRALI.ISKOLU,
           SUBE_KARLILIK_SIRALI.FAIZ_GEL_LNR_KREDI,
           SUBE_KARLILIK_SIRALI.FAIZ_GEL_LNR_KK,
           SUBE_KARLILIK_SIRALI.TOP_FAIZ_GEL_LNR,
           SUBE_KARLILIK_SIRALI.FAIZ_GID_LNR_MEVD,
           SUBE_KARLILIK_SIRALI.FAIZ_GID_GM_BILANC"
RAPOR,BUTCE-OFSA_SB001_Subeler_Detayli_Kar_Listesi,BUTCE-OFSA_SB001_Subeler_Detayli_Kar_Listesi.sql,FLYT_KARI_LNR,FLYT_KARI_LNR,LINEAGE,OFSA_SB.PROD_ORG_PROFIT; OLAP.DM_ORGANIZATION,"SELECT SUBE_KARLILIK_SIRALI.TARIH,
           SUBE_KARLILIK_SIRALI.BOLGE_ADI,
           SUBE_KARLILIK_SIRALI.CREATE_DATE,
           SUBE_KARLILIK_SIRALI.SUBE_KODU,
           SUBE_KARLILIK_SIRALI.SUBE_ADI,
           SUBE_KARLILIK_SIRALI.ISKOLU,
           SUBE_KARLILIK_SIRALI.FAIZ_GEL_LNR_KREDI,
           SUBE_KARLILIK_SIRALI.FAIZ_GEL_LNR_KK,
           SUBE_KARLILIK_SIRALI.TOP_FAIZ_GEL_LNR,
           SUBE_KARLILIK_SIRALI.FAIZ_GID_LNR_MEVD,
           SUBE_KARLILIK_SIRALI.FAIZ_GID_GM_BILANC"
RAPOR,BUTCE-OFSA_SB001_Subeler_Detayli_Kar_Listesi,BUTCE-OFSA_SB001_Subeler_Detayli_Kar_Listesi.sql,POS_KOM_GEL_UIY_BED,POS_KOM_GEL_UIY_BED,LINEAGE,OFSA_SB.PROD_ORG_PROFIT; OLAP.DM_ORGANIZATION,"SELECT SUBE_KARLILIK_SIRALI.TARIH,
           SUBE_KARLILIK_SIRALI.BOLGE_ADI,
           SUBE_KARLILIK_SIRALI.CREATE_DATE,
           SUBE_KARLILIK_SIRALI.SUBE_KODU,
           SUBE_KARLILIK_SIRALI.SUBE_ADI,
           SUBE_KARLILIK_SIRALI.ISKOLU,
           SUBE_KARLILIK_SIRALI.FAIZ_GEL_LNR_KREDI,
           SUBE_KARLILIK_SIRALI.FAIZ_GEL_LNR_KK,
           SUBE_KARLILIK_SIRALI.TOP_FAIZ_GEL_LNR,
           SUBE_KARLILIK_SIRALI.FAIZ_GID_LNR_MEVD,
           SUBE_KARLILIK_SIRALI.FAIZ_GID_GM_BILANC"
RAPOR,BUTCE-OFSA_SB001_Subeler_Detayli_Kar_Listesi,BUTCE-OFSA_SB001_Subeler_Detayli_Kar_Listesi.sql,POS_KOM_GEL_KIRA,POS_KOM_GEL_KIRA,LINEAGE,OFSA_SB.PROD_ORG_PROFIT; OLAP.DM_ORGANIZATION,"SELECT SUBE_KARLILIK_SIRALI.TARIH,
           SUBE_KARLILIK_SIRALI.BOLGE_ADI,
           SUBE_KARLILIK_SIRALI.CREATE_DATE,
           SUBE_KARLILIK_SIRALI.SUBE_KODU,
           SUBE_KARLILIK_SIRALI.SUBE_ADI,
           SUBE_KARLILIK_SIRALI.ISKOLU,
           SUBE_KARLILIK_SIRALI.FAIZ_GEL_LNR_KREDI,
           SUBE_KARLILIK_SIRALI.FAIZ_GEL_LNR_KK,
           SUBE_KARLILIK_SIRALI.TOP_FAIZ_GEL_LNR,
           SUBE_KARLILIK_SIRALI.FAIZ_GID_LNR_MEVD,
           SUBE_KARLILIK_SIRALI.FAIZ_GID_GM_BILANC"
RAPOR,BUTCE-OFSA_SB001_Subeler_Detayli_Kar_Listesi,BUTCE-OFSA_SB001_Subeler_Detayli_Kar_Listesi.sql,POS_KOM_GEL_UIY_KTK,POS_KOM_GEL_UIY_KTK,LINEAGE,OFSA_SB.PROD_ORG_PROFIT; OLAP.DM_ORGANIZATION,"SELECT SUBE_KARLILIK_SIRALI.TARIH,
           SUBE_KARLILIK_SIRALI.BOLGE_ADI,
           SUBE_KARLILIK_SIRALI.CREATE_DATE,
           SUBE_KARLILIK_SIRALI.SUBE_KODU,
           SUBE_KARLILIK_SIRALI.SUBE_ADI,
           SUBE_KARLILIK_SIRALI.ISKOLU,
           SUBE_KARLILIK_SIRALI.FAIZ_GEL_LNR_KREDI,
           SUBE_KARLILIK_SIRALI.FAIZ_GEL_LNR_KK,
           SUBE_KARLILIK_SIRALI.TOP_FAIZ_GEL_LNR,
           SUBE_KARLILIK_SIRALI.FAIZ_GID_LNR_MEVD,
           SUBE_KARLILIK_SIRALI.FAIZ_GID_GM_BILANC"
RAPOR,BUTCE-OFSA_SB001_Subeler_Detayli_Kar_Listesi,BUTCE-OFSA_SB001_Subeler_Detayli_Kar_Listesi.sql,POS_KOM_GEL_SRVS_BED,POS_KOM_GEL_SRVS_BED,LINEAGE,OFSA_SB.PROD_ORG_PROFIT; OLAP.DM_ORGANIZATION,"SELECT SUBE_KARLILIK_SIRALI.TARIH,
           SUBE_KARLILIK_SIRALI.BOLGE_ADI,
           SUBE_KARLILIK_SIRALI.CREATE_DATE,
           SUBE_KARLILIK_SIRALI.SUBE_KODU,
           SUBE_KARLILIK_SIRALI.SUBE_ADI,
           SUBE_KARLILIK_SIRALI.ISKOLU,
           SUBE_KARLILIK_SIRALI.FAIZ_GEL_LNR_KREDI,
           SUBE_KARLILIK_SIRALI.FAIZ_GEL_LNR_KK,
           SUBE_KARLILIK_SIRALI.TOP_FAIZ_GEL_LNR,
           SUBE_KARLILIK_SIRALI.FAIZ_GID_LNR_MEVD,
           SUBE_KARLILIK_SIRALI.FAIZ_GID_GM_BILANC"
RAPOR,BUTCE-OFSA_SB001_Subeler_Detayli_Kar_Listesi,BUTCE-OFSA_SB001_Subeler_Detayli_Kar_Listesi.sql,TOP_FAIZ_DISI_GELIR,TOP_FAIZ_DISI_GELIR,LINEAGE,OFSA_SB.PROD_ORG_PROFIT; OLAP.DM_ORGANIZATION,"SELECT SUBE_KARLILIK_SIRALI.TARIH,
           SUBE_KARLILIK_SIRALI.BOLGE_ADI,
           SUBE_KARLILIK_SIRALI.CREATE_DATE,
           SUBE_KARLILIK_SIRALI.SUBE_KODU,
           SUBE_KARLILIK_SIRALI.SUBE_ADI,
           SUBE_KARLILIK_SIRALI.ISKOLU,
           SUBE_KARLILIK_SIRALI.FAIZ_GEL_LNR_KREDI,
           SUBE_KARLILIK_SIRALI.FAIZ_GEL_LNR_KK,
           SUBE_KARLILIK_SIRALI.TOP_FAIZ_GEL_LNR,
           SUBE_KARLILIK_SIRALI.FAIZ_GID_LNR_MEVD,
           SUBE_KARLILIK_SIRALI.FAIZ_GID_GM_BILANC"
RAPOR,BUTCE-OFSA_SB001_Subeler_Detayli_Kar_Listesi,BUTCE-OFSA_SB001_Subeler_Detayli_Kar_Listesi.sql,TOP_FAIZ_DISI_GIDER,TOP_FAIZ_DISI_GIDER,LINEAGE,OFSA_SB.PROD_ORG_PROFIT; OLAP.DM_ORGANIZATION,"SELECT SUBE_KARLILIK_SIRALI.TARIH,
           SUBE_KARLILIK_SIRALI.BOLGE_ADI,
           SUBE_KARLILIK_SIRALI.CREATE_DATE,
           SUBE_KARLILIK_SIRALI.SUBE_KODU,
           SUBE_KARLILIK_SIRALI.SUBE_ADI,
           SUBE_KARLILIK_SIRALI.ISKOLU,
           SUBE_KARLILIK_SIRALI.FAIZ_GEL_LNR_KREDI,
           SUBE_KARLILIK_SIRALI.FAIZ_GEL_LNR_KK,
           SUBE_KARLILIK_SIRALI.TOP_FAIZ_GEL_LNR,
           SUBE_KARLILIK_SIRALI.FAIZ_GID_LNR_MEVD,
           SUBE_KARLILIK_SIRALI.FAIZ_GID_GM_BILANC"
RAPOR,BUTCE-OFSA_SB001_Subeler_Detayli_Kar_Listesi,BUTCE-OFSA_SB001_Subeler_Detayli_Kar_Listesi.sql,FAIZ_DISI_GDR_AMRTSMN,FAIZ_DISI_GDR_AMRTSMN,LINEAGE,OFSA_SB.PROD_ORG_PROFIT; OLAP.DM_ORGANIZATION,"SELECT SUBE_KARLILIK_SIRALI.TARIH,
           SUBE_KARLILIK_SIRALI.BOLGE_ADI,
           SUBE_KARLILIK_SIRALI.CREATE_DATE,
           SUBE_KARLILIK_SIRALI.SUBE_KODU,
           SUBE_KARLILIK_SIRALI.SUBE_ADI,
           SUBE_KARLILIK_SIRALI.ISKOLU,
           SUBE_KARLILIK_SIRALI.FAIZ_GEL_LNR_KREDI,
           SUBE_KARLILIK_SIRALI.FAIZ_GEL_LNR_KK,
           SUBE_KARLILIK_SIRALI.TOP_FAIZ_GEL_LNR,
           SUBE_KARLILIK_SIRALI.FAIZ_GID_LNR_MEVD,
           SUBE_KARLILIK_SIRALI.FAIZ_GID_GM_BILANC"
RAPOR,BUTCE-OFSA_SB001_Subeler_Detayli_Kar_Listesi,BUTCE-OFSA_SB001_Subeler_Detayli_Kar_Listesi.sql,FAIZ_DISI_GDR_DAVA_MHK,FAIZ_DISI_GDR_DAVA_MHK,LINEAGE,OFSA_SB.PROD_ORG_PROFIT; OLAP.DM_ORGANIZATION,"SELECT SUBE_KARLILIK_SIRALI.TARIH,
           SUBE_KARLILIK_SIRALI.BOLGE_ADI,
           SUBE_KARLILIK_SIRALI.CREATE_DATE,
           SUBE_KARLILIK_SIRALI.SUBE_KODU,
           SUBE_KARLILIK_SIRALI.SUBE_ADI,
           SUBE_KARLILIK_SIRALI.ISKOLU,
           SUBE_KARLILIK_SIRALI.FAIZ_GEL_LNR_KREDI,
           SUBE_KARLILIK_SIRALI.FAIZ_GEL_LNR_KK,
           SUBE_KARLILIK_SIRALI.TOP_FAIZ_GEL_LNR,
           SUBE_KARLILIK_SIRALI.FAIZ_GID_LNR_MEVD,
           SUBE_KARLILIK_SIRALI.FAIZ_GID_GM_BILANC"
RAPOR,BUTCE-OFSA_SB001_Subeler_Detayli_Kar_Listesi,BUTCE-OFSA_SB001_Subeler_Detayli_Kar_Listesi.sql,FAIZ_DISI_GDR_ISLETME,FAIZ_DISI_GDR_ISLETME,LINEAGE,OFSA_SB.PROD_ORG_PROFIT; OLAP.DM_ORGANIZATION,"SELECT SUBE_KARLILIK_SIRALI.TARIH,
           SUBE_KARLILIK_SIRALI.BOLGE_ADI,
           SUBE_KARLILIK_SIRALI.CREATE_DATE,
           SUBE_KARLILIK_SIRALI.SUBE_KODU,
           SUBE_KARLILIK_SIRALI.SUBE_ADI,
           SUBE_KARLILIK_SIRALI.ISKOLU,
           SUBE_KARLILIK_SIRALI.FAIZ_GEL_LNR_KREDI,
           SUBE_KARLILIK_SIRALI.FAIZ_GEL_LNR_KK,
           SUBE_KARLILIK_SIRALI.TOP_FAIZ_GEL_LNR,
           SUBE_KARLILIK_SIRALI.FAIZ_GID_LNR_MEVD,
           SUBE_KARLILIK_SIRALI.FAIZ_GID_GM_BILANC"
RAPOR,BUTCE-OFSA_SB001_Subeler_Detayli_Kar_Listesi,BUTCE-OFSA_SB001_Subeler_Detayli_Kar_Listesi.sql,FAIZ_DISI_GDR_PERSONEL,FAIZ_DISI_GDR_PERSONEL,LINEAGE,OFSA_SB.PROD_ORG_PROFIT; OLAP.DM_ORGANIZATION,"SELECT SUBE_KARLILIK_SIRALI.TARIH,
           SUBE_KARLILIK_SIRALI.BOLGE_ADI,
           SUBE_KARLILIK_SIRALI.CREATE_DATE,
           SUBE_KARLILIK_SIRALI.SUBE_KODU,
           SUBE_KARLILIK_SIRALI.SUBE_ADI,
           SUBE_KARLILIK_SIRALI.ISKOLU,
           SUBE_KARLILIK_SIRALI.FAIZ_GEL_LNR_KREDI,
           SUBE_KARLILIK_SIRALI.FAIZ_GEL_LNR_KK,
           SUBE_KARLILIK_SIRALI.TOP_FAIZ_GEL_LNR,
           SUBE_KARLILIK_SIRALI.FAIZ_GID_LNR_MEVD,
           SUBE_KARLILIK_SIRALI.FAIZ_GID_GM_BILANC"
RAPOR,BUTCE-OFSA_SB001_Subeler_Detayli_Kar_Listesi,BUTCE-OFSA_SB001_Subeler_Detayli_Kar_Listesi.sql,FAIZ_DISI_GDR_VERGI,FAIZ_DISI_GDR_VERGI,LINEAGE,OFSA_SB.PROD_ORG_PROFIT; OLAP.DM_ORGANIZATION,"SELECT SUBE_KARLILIK_SIRALI.TARIH,
           SUBE_KARLILIK_SIRALI.BOLGE_ADI,
           SUBE_KARLILIK_SIRALI.CREATE_DATE,
           SUBE_KARLILIK_SIRALI.SUBE_KODU,
           SUBE_KARLILIK_SIRALI.SUBE_ADI,
           SUBE_KARLILIK_SIRALI.ISKOLU,
           SUBE_KARLILIK_SIRALI.FAIZ_GEL_LNR_KREDI,
           SUBE_KARLILIK_SIRALI.FAIZ_GEL_LNR_KK,
           SUBE_KARLILIK_SIRALI.TOP_FAIZ_GEL_LNR,
           SUBE_KARLILIK_SIRALI.FAIZ_GID_LNR_MEVD,
           SUBE_KARLILIK_SIRALI.FAIZ_GID_GM_BILANC"
RAPOR,BUTCE-OFSA_SB001_Subeler_Detayli_Kar_Listesi,BUTCE-OFSA_SB001_Subeler_Detayli_Kar_Listesi.sql,FAIZ_DISI_GDR_VRLN_KOM,FAIZ_DISI_GDR_VRLN_KOM,LINEAGE,OFSA_SB.PROD_ORG_PROFIT; OLAP.DM_ORGANIZATION,"SELECT SUBE_KARLILIK_SIRALI.TARIH,
           SUBE_KARLILIK_SIRALI.BOLGE_ADI,
           SUBE_KARLILIK_SIRALI.CREATE_DATE,
           SUBE_KARLILIK_SIRALI.SUBE_KODU,
           SUBE_KARLILIK_SIRALI.SUBE_ADI,
           SUBE_KARLILIK_SIRALI.ISKOLU,
           SUBE_KARLILIK_SIRALI.FAIZ_GEL_LNR_KREDI,
           SUBE_KARLILIK_SIRALI.FAIZ_GEL_LNR_KK,
           SUBE_KARLILIK_SIRALI.TOP_FAIZ_GEL_LNR,
           SUBE_KARLILIK_SIRALI.FAIZ_GID_LNR_MEVD,
           SUBE_KARLILIK_SIRALI.FAIZ_GID_GM_BILANC"
RAPOR,BUTCE-OFSA_SB001_Subeler_Detayli_Kar_Listesi,BUTCE-OFSA_SB001_Subeler_Detayli_Kar_Listesi.sql,FAIZ_DISI_GDR_DESMER,FAIZ_DISI_GDR_DESMER,LINEAGE,OFSA_SB.PROD_ORG_PROFIT; OLAP.DM_ORGANIZATION,"SELECT SUBE_KARLILIK_SIRALI.TARIH,
           SUBE_KARLILIK_SIRALI.BOLGE_ADI,
           SUBE_KARLILIK_SIRALI.CREATE_DATE,
           SUBE_KARLILIK_SIRALI.SUBE_KODU,
           SUBE_KARLILIK_SIRALI.SUBE_ADI,
           SUBE_KARLILIK_SIRALI.ISKOLU,
           SUBE_KARLILIK_SIRALI.FAIZ_GEL_LNR_KREDI,
           SUBE_KARLILIK_SIRALI.FAIZ_GEL_LNR_KK,
           SUBE_KARLILIK_SIRALI.TOP_FAIZ_GEL_LNR,
           SUBE_KARLILIK_SIRALI.FAIZ_GID_LNR_MEVD,
           SUBE_KARLILIK_SIRALI.FAIZ_GID_GM_BILANC"
RAPOR,BUTCE-OFSA_SB001_Subeler_Detayli_Kar_Listesi,BUTCE-OFSA_SB001_Subeler_Detayli_Kar_Listesi.sql,SKYTRM_SUBE_KULL_PAY,SKYTRM_SUBE_KULL_PAY,LINEAGE,OFSA_SB.PROD_ORG_PROFIT; OLAP.DM_ORGANIZATION,"SELECT SUBE_KARLILIK_SIRALI.TARIH,
           SUBE_KARLILIK_SIRALI.BOLGE_ADI,
           SUBE_KARLILIK_SIRALI.CREATE_DATE,
           SUBE_KARLILIK_SIRALI.SUBE_KODU,
           SUBE_KARLILIK_SIRALI.SUBE_ADI,
           SUBE_KARLILIK_SIRALI.ISKOLU,
           SUBE_KARLILIK_SIRALI.FAIZ_GEL_LNR_KREDI,
           SUBE_KARLILIK_SIRALI.FAIZ_GEL_LNR_KK,
           SUBE_KARLILIK_SIRALI.TOP_FAIZ_GEL_LNR,
           SUBE_KARLILIK_SIRALI.FAIZ_GID_LNR_MEVD,
           SUBE_KARLILIK_SIRALI.FAIZ_GID_GM_BILANC"
RAPOR,BUTCE-OFSA_SB001_Subeler_Detayli_Kar_Listesi,BUTCE-OFSA_SB001_Subeler_Detayli_Kar_Listesi.sql,HAZINE_BONO_PRM,HAZINE_BONO_PRM,LINEAGE,OFSA_SB.PROD_ORG_PROFIT; OLAP.DM_ORGANIZATION,"SELECT SUBE_KARLILIK_SIRALI.TARIH,
           SUBE_KARLILIK_SIRALI.BOLGE_ADI,
           SUBE_KARLILIK_SIRALI.CREATE_DATE,
           SUBE_KARLILIK_SIRALI.SUBE_KODU,
           SUBE_KARLILIK_SIRALI.SUBE_ADI,
           SUBE_KARLILIK_SIRALI.ISKOLU,
           SUBE_KARLILIK_SIRALI.FAIZ_GEL_LNR_KREDI,
           SUBE_KARLILIK_SIRALI.FAIZ_GEL_LNR_KK,
           SUBE_KARLILIK_SIRALI.TOP_FAIZ_GEL_LNR,
           SUBE_KARLILIK_SIRALI.FAIZ_GID_LNR_MEVD,
           SUBE_KARLILIK_SIRALI.FAIZ_GID_GM_BILANC"
RAPOR,BUTCE-OFSA_SB001_Subeler_Detayli_Kar_Listesi,BUTCE-OFSA_SB001_Subeler_Detayli_Kar_Listesi.sql,VADESIZ_MEVDUAT_PRM,VADESIZ_MEVDUAT_PRM,LINEAGE,OFSA_SB.PROD_ORG_PROFIT; OLAP.DM_ORGANIZATION,"SELECT SUBE_KARLILIK_SIRALI.TARIH,
           SUBE_KARLILIK_SIRALI.BOLGE_ADI,
           SUBE_KARLILIK_SIRALI.CREATE_DATE,
           SUBE_KARLILIK_SIRALI.SUBE_KODU,
           SUBE_KARLILIK_SIRALI.SUBE_ADI,
           SUBE_KARLILIK_SIRALI.ISKOLU,
           SUBE_KARLILIK_SIRALI.FAIZ_GEL_LNR_KREDI,
           SUBE_KARLILIK_SIRALI.FAIZ_GEL_LNR_KK,
           SUBE_KARLILIK_SIRALI.TOP_FAIZ_GEL_LNR,
           SUBE_KARLILIK_SIRALI.FAIZ_GID_LNR_MEVD,
           SUBE_KARLILIK_SIRALI.FAIZ_GID_GM_BILANC"
RAPOR,BUTCE-OFSA_SB001_Subeler_Detayli_Kar_Listesi,BUTCE-OFSA_SB001_Subeler_Detayli_Kar_Listesi.sql,SEKERKUR_ALT_FW_DCD_PRM,SEKERKUR_ALT_FW_DCD_PRM,LINEAGE,OFSA_SB.PROD_ORG_PROFIT; OLAP.DM_ORGANIZATION,"SELECT SUBE_KARLILIK_SIRALI.TARIH,
           SUBE_KARLILIK_SIRALI.BOLGE_ADI,
           SUBE_KARLILIK_SIRALI.CREATE_DATE,
           SUBE_KARLILIK_SIRALI.SUBE_KODU,
           SUBE_KARLILIK_SIRALI.SUBE_ADI,
           SUBE_KARLILIK_SIRALI.ISKOLU,
           SUBE_KARLILIK_SIRALI.FAIZ_GEL_LNR_KREDI,
           SUBE_KARLILIK_SIRALI.FAIZ_GEL_LNR_KK,
           SUBE_KARLILIK_SIRALI.TOP_FAIZ_GEL_LNR,
           SUBE_KARLILIK_SIRALI.FAIZ_GID_LNR_MEVD,
           SUBE_KARLILIK_SIRALI.FAIZ_GID_GM_BILANC"
RAPOR,BUTCE-OFSA_SB001_Subeler_Detayli_Kar_Listesi,BUTCE-OFSA_SB001_Subeler_Detayli_Kar_Listesi.sql,KUL_KAY_HATALI_ISL_MLYT,KUL_KAY_HATALI_ISL_MLYT,LINEAGE,OFSA_SB.PROD_ORG_PROFIT; OLAP.DM_ORGANIZATION,"SELECT SUBE_KARLILIK_SIRALI.TARIH,
           SUBE_KARLILIK_SIRALI.BOLGE_ADI,
           SUBE_KARLILIK_SIRALI.CREATE_DATE,
           SUBE_KARLILIK_SIRALI.SUBE_KODU,
           SUBE_KARLILIK_SIRALI.SUBE_ADI,
           SUBE_KARLILIK_SIRALI.ISKOLU,
           SUBE_KARLILIK_SIRALI.FAIZ_GEL_LNR_KREDI,
           SUBE_KARLILIK_SIRALI.FAIZ_GEL_LNR_KK,
           SUBE_KARLILIK_SIRALI.TOP_FAIZ_GEL_LNR,
           SUBE_KARLILIK_SIRALI.FAIZ_GID_LNR_MEVD,
           SUBE_KARLILIK_SIRALI.FAIZ_GID_GM_BILANC"
RAPOR,BUTCE-OFSA_SB001_Subeler_Detayli_Kar_Listesi,BUTCE-OFSA_SB001_Subeler_Detayli_Kar_Listesi.sql,EFT_KAP_SAATI_SON_EK_UCRT,EFT_KAP_SAATI_SON_EK_UCRT,LINEAGE,OFSA_SB.PROD_ORG_PROFIT; OLAP.DM_ORGANIZATION,"SELECT SUBE_KARLILIK_SIRALI.TARIH,
           SUBE_KARLILIK_SIRALI.BOLGE_ADI,
           SUBE_KARLILIK_SIRALI.CREATE_DATE,
           SUBE_KARLILIK_SIRALI.SUBE_KODU,
           SUBE_KARLILIK_SIRALI.SUBE_ADI,
           SUBE_KARLILIK_SIRALI.ISKOLU,
           SUBE_KARLILIK_SIRALI.FAIZ_GEL_LNR_KREDI,
           SUBE_KARLILIK_SIRALI.FAIZ_GEL_LNR_KK,
           SUBE_KARLILIK_SIRALI.TOP_FAIZ_GEL_LNR,
           SUBE_KARLILIK_SIRALI.FAIZ_GID_LNR_MEVD,
           SUBE_KARLILIK_SIRALI.FAIZ_GID_GM_BILANC"
RAPOR,BUTCE-OFSA_SB001_Subeler_Detayli_Kar_Listesi,BUTCE-OFSA_SB001_Subeler_Detayli_Kar_Listesi.sql,KULLANILMAYAN_IZIN_MLYT,KULLANILMAYAN_IZIN_MLYT,LINEAGE,OFSA_SB.PROD_ORG_PROFIT; OLAP.DM_ORGANIZATION,"SELECT SUBE_KARLILIK_SIRALI.TARIH,
           SUBE_KARLILIK_SIRALI.BOLGE_ADI,
           SUBE_KARLILIK_SIRALI.CREATE_DATE,
           SUBE_KARLILIK_SIRALI.SUBE_KODU,
           SUBE_KARLILIK_SIRALI.SUBE_ADI,
           SUBE_KARLILIK_SIRALI.ISKOLU,
           SUBE_KARLILIK_SIRALI.FAIZ_GEL_LNR_KREDI,
           SUBE_KARLILIK_SIRALI.FAIZ_GEL_LNR_KK,
           SUBE_KARLILIK_SIRALI.TOP_FAIZ_GEL_LNR,
           SUBE_KARLILIK_SIRALI.FAIZ_GID_LNR_MEVD,
           SUBE_KARLILIK_SIRALI.FAIZ_GID_GM_BILANC"
RAPOR,BUTCE-OFSA_SB001_Subeler_Detayli_Kar_Listesi,BUTCE-OFSA_SB001_Subeler_Detayli_Kar_Listesi.sql,FON_YON_FX_ISLM_IPTL_CZA,FON_YON_FX_ISLM_IPTL_CZA,LINEAGE,OFSA_SB.PROD_ORG_PROFIT; OLAP.DM_ORGANIZATION,"SELECT SUBE_KARLILIK_SIRALI.TARIH,
           SUBE_KARLILIK_SIRALI.BOLGE_ADI,
           SUBE_KARLILIK_SIRALI.CREATE_DATE,
           SUBE_KARLILIK_SIRALI.SUBE_KODU,
           SUBE_KARLILIK_SIRALI.SUBE_ADI,
           SUBE_KARLILIK_SIRALI.ISKOLU,
           SUBE_KARLILIK_SIRALI.FAIZ_GEL_LNR_KREDI,
           SUBE_KARLILIK_SIRALI.FAIZ_GEL_LNR_KK,
           SUBE_KARLILIK_SIRALI.TOP_FAIZ_GEL_LNR,
           SUBE_KARLILIK_SIRALI.FAIZ_GID_LNR_MEVD,
           SUBE_KARLILIK_SIRALI.FAIZ_GID_GM_BILANC"
RAPOR,BUTCE-OFSA_SB001_Subeler_Detayli_Kar_Listesi,BUTCE-OFSA_SB001_Subeler_Detayli_Kar_Listesi.sql,HATALI_ISLEM_MLYT,HATALI_ISLEM_MLYT,LINEAGE,OFSA_SB.PROD_ORG_PROFIT; OLAP.DM_ORGANIZATION,"SELECT SUBE_KARLILIK_SIRALI.TARIH,
           SUBE_KARLILIK_SIRALI.BOLGE_ADI,
           SUBE_KARLILIK_SIRALI.CREATE_DATE,
           SUBE_KARLILIK_SIRALI.SUBE_KODU,
           SUBE_KARLILIK_SIRALI.SUBE_ADI,
           SUBE_KARLILIK_SIRALI.ISKOLU,
           SUBE_KARLILIK_SIRALI.FAIZ_GEL_LNR_KREDI,
           SUBE_KARLILIK_SIRALI.FAIZ_GEL_LNR_KK,
           SUBE_KARLILIK_SIRALI.TOP_FAIZ_GEL_LNR,
           SUBE_KARLILIK_SIRALI.FAIZ_GID_LNR_MEVD,
           SUBE_KARLILIK_SIRALI.FAIZ_GID_GM_BILANC"
RAPOR,BUTCE-OFSA_SB001_Subeler_Detayli_Kar_Listesi,BUTCE-OFSA_SB001_Subeler_Detayli_Kar_Listesi.sql,AYLIK_PERF_KARI_LNR,AYLIK_PERF_KARI_LNR,LINEAGE,OFSA_SB.PROD_ORG_PROFIT; OLAP.DM_ORGANIZATION,"SELECT SUBE_KARLILIK_SIRALI.TARIH,
           SUBE_KARLILIK_SIRALI.BOLGE_ADI,
           SUBE_KARLILIK_SIRALI.CREATE_DATE,
           SUBE_KARLILIK_SIRALI.SUBE_KODU,
           SUBE_KARLILIK_SIRALI.SUBE_ADI,
           SUBE_KARLILIK_SIRALI.ISKOLU,
           SUBE_KARLILIK_SIRALI.FAIZ_GEL_LNR_KREDI,
           SUBE_KARLILIK_SIRALI.FAIZ_GEL_LNR_KK,
           SUBE_KARLILIK_SIRALI.TOP_FAIZ_GEL_LNR,
           SUBE_KARLILIK_SIRALI.FAIZ_GID_LNR_MEVD,
           SUBE_KARLILIK_SIRALI.FAIZ_GID_GM_BILANC"
RAPOR,BUTCE-OFSA_SB001_Subeler_Detayli_Kar_Listesi,BUTCE-OFSA_SB001_Subeler_Detayli_Kar_Listesi.sql,PERF_KARI_LNR,PERF_KARI_LNR,LINEAGE,OFSA_SB.PROD_ORG_PROFIT; OLAP.DM_ORGANIZATION,"SELECT SUBE_KARLILIK_SIRALI.TARIH,
           SUBE_KARLILIK_SIRALI.BOLGE_ADI,
           SUBE_KARLILIK_SIRALI.CREATE_DATE,
           SUBE_KARLILIK_SIRALI.SUBE_KODU,
           SUBE_KARLILIK_SIRALI.SUBE_ADI,
           SUBE_KARLILIK_SIRALI.ISKOLU,
           SUBE_KARLILIK_SIRALI.FAIZ_GEL_LNR_KREDI,
           SUBE_KARLILIK_SIRALI.FAIZ_GEL_LNR_KK,
           SUBE_KARLILIK_SIRALI.TOP_FAIZ_GEL_LNR,
           SUBE_KARLILIK_SIRALI.FAIZ_GID_LNR_MEVD,
           SUBE_KARLILIK_SIRALI.FAIZ_GID_GM_BILANC"
RAPOR,BUTCE-OFSA_SB001_Subeler_Detayli_Kar_Listesi,BUTCE-OFSA_SB001_Subeler_Detayli_Kar_Listesi.sql,AYLIK_PERFORMANS_KARI_YEN,AYLIK_PERFORMANS_KARI_YEN,LINEAGE,OFSA_SB.PROD_ORG_PROFIT; OLAP.DM_ORGANIZATION,"SELECT SUBE_KARLILIK_SIRALI.TARIH,
           SUBE_KARLILIK_SIRALI.BOLGE_ADI,
           SUBE_KARLILIK_SIRALI.CREATE_DATE,
           SUBE_KARLILIK_SIRALI.SUBE_KODU,
           SUBE_KARLILIK_SIRALI.SUBE_ADI,
           SUBE_KARLILIK_SIRALI.ISKOLU,
           SUBE_KARLILIK_SIRALI.FAIZ_GEL_LNR_KREDI,
           SUBE_KARLILIK_SIRALI.FAIZ_GEL_LNR_KK,
           SUBE_KARLILIK_SIRALI.TOP_FAIZ_GEL_LNR,
           SUBE_KARLILIK_SIRALI.FAIZ_GID_LNR_MEVD,
           SUBE_KARLILIK_SIRALI.FAIZ_GID_GM_BILANC"
RAPOR,BUTCE-OFSA_SB001_Subeler_Detayli_Kar_Listesi,BUTCE-OFSA_SB001_Subeler_Detayli_Kar_Listesi.sql,FON_GET_KK_ALACAK_BKY,FON_GET_KK_ALACAK_BKY,LINEAGE,OFSA_SB.PROD_ORG_PROFIT; OLAP.DM_ORGANIZATION,"SELECT SUBE_KARLILIK_SIRALI.TARIH,
           SUBE_KARLILIK_SIRALI.BOLGE_ADI,
           SUBE_KARLILIK_SIRALI.CREATE_DATE,
           SUBE_KARLILIK_SIRALI.SUBE_KODU,
           SUBE_KARLILIK_SIRALI.SUBE_ADI,
           SUBE_KARLILIK_SIRALI.ISKOLU,
           SUBE_KARLILIK_SIRALI.FAIZ_GEL_LNR_KREDI,
           SUBE_KARLILIK_SIRALI.FAIZ_GEL_LNR_KK,
           SUBE_KARLILIK_SIRALI.TOP_FAIZ_GEL_LNR,
           SUBE_KARLILIK_SIRALI.FAIZ_GID_LNR_MEVD,
           SUBE_KARLILIK_SIRALI.FAIZ_GID_GM_BILANC"
RAPOR,BUTCE-OFSA_SB001_Subeler_Detayli_Kar_Listesi,BUTCE-OFSA_SB001_Subeler_Detayli_Kar_Listesi.sql,,AS_OF_DATE,WHERE,OFSA_SB.PROD_ORG_PROFIT; OLAP.DM_ORGANIZATION,"WHERE
  1 = 1
  AND TO_NUMBER(a.sube_kodu) = TO_NUMBER(org.gl_org_code)
  AND org.State <> 0
  AND NOT a.bolge_adi IN ('GM', 'OPERASYON GMY', 'YÖNETİM KURULU BAŞKANLIĞI')
  AND AS_OF_DATE = TO_DATE('29-07-2026', 'dd-mm-yyyy')"
RAPOR,BUTCE-OFSA_SB001_Subeler_Detayli_Kar_Listesi,BUTCE-OFSA_SB001_Subeler_Detayli_Kar_Listesi.sql,,AS_OF_DATE,GROUP_BY,OFSA_SB.PROD_ORG_PROFIT; OLAP.DM_ORGANIZATION,"GROUP BY
  AS_OF_DATE,
  a.CREATE_DATE,
  ISKOLU,
  BOLGE_ADI, /* SEGMENT, */
  BOLGE_KODU,
  SUBE_KODU,
  SUBE_ADI,
  PRIVATE_BRANCH_FLAG"
RAPOR,BUTCE-OFSA_SB001_Subeler_Detayli_Kar_Listesi,BUTCE-OFSA_SB001_Subeler_Detayli_Kar_Listesi.sql,,ISKOLU,GROUP_BY,OFSA_SB.PROD_ORG_PROFIT; OLAP.DM_ORGANIZATION,"GROUP BY
  AS_OF_DATE,
  a.CREATE_DATE,
  ISKOLU,
  BOLGE_ADI, /* SEGMENT, */
  BOLGE_KODU,
  SUBE_KODU,
  SUBE_ADI,
  PRIVATE_BRANCH_FLAG"
